GraphName	Dataset	MaxWeight	Seed	#Vertices	#Arcs	ArcWeightSum
s27	ISCAS	5	1	55	87	246
s27	ISCAS	5	2	55	87	244
s27	ISCAS	5	3	55	87	262
s27	ISCAS	5	4	55	87	271
s27	ISCAS	5	5	55	87	239
s27	ISCAS	5	6	55	87	273
s27	ISCAS	5	7	55	87	234
s27	ISCAS	5	8	55	87	274
s27	ISCAS	5	9	55	87	228
s27	ISCAS	5	10	55	87	265
s208	ISCAS	5	1	83	119	341
s208	ISCAS	5	2	83	119	337
s208	ISCAS	5	3	83	119	349
s208	ISCAS	5	4	83	119	352
s208	ISCAS	5	5	83	119	342
s208	ISCAS	5	6	83	119	360
s208	ISCAS	5	7	83	119	326
s208	ISCAS	5	8	83	119	387
s208	ISCAS	5	9	83	119	322
s208	ISCAS	5	10	83	119	369
s420	ISCAS	5	1	104	178	507
s420	ISCAS	5	2	104	178	505
s420	ISCAS	5	3	104	178	515
s420	ISCAS	5	4	104	178	530
s420	ISCAS	5	5	104	178	498
s420	ISCAS	5	6	104	178	543
s420	ISCAS	5	7	104	178	515
s420	ISCAS	5	8	104	178	570
s420	ISCAS	5	9	104	178	497
s420	ISCAS	5	10	104	178	572
s344	ISCAS	5	1	274	388	1177
s344	ISCAS	5	2	274	388	1154
s344	ISCAS	5	3	274	388	1130
s344	ISCAS	5	4	274	388	1190
s344	ISCAS	5	5	274	388	1141
s344	ISCAS	5	6	274	388	1154
s344	ISCAS	5	7	274	388	1153
s344	ISCAS	5	8	274	388	1193
s344	ISCAS	5	9	274	388	1117
s344	ISCAS	5	10	274	388	1237
s349	ISCAS	5	1	278	395	1201
s349	ISCAS	5	2	278	395	1175
s349	ISCAS	5	3	278	395	1147
s349	ISCAS	5	4	278	395	1212
s349	ISCAS	5	5	278	395	1164
s349	ISCAS	5	6	278	395	1172
s349	ISCAS	5	7	278	395	1170
s349	ISCAS	5	8	278	395	1218
s349	ISCAS	5	9	278	395	1137
s349	ISCAS	5	10	278	395	1251
s382	ISCAS	5	1	273	438	1332
s382	ISCAS	5	2	273	438	1317
s382	ISCAS	5	3	273	438	1291
s382	ISCAS	5	4	273	438	1340
s382	ISCAS	5	5	273	438	1296
s382	ISCAS	5	6	273	438	1307
s382	ISCAS	5	7	273	438	1290
s382	ISCAS	5	8	273	438	1340
s382	ISCAS	5	9	273	438	1261
s382	ISCAS	5	10	273	438	1375
mm4a	ISCAS	5	1	170	454	1378
mm4a	ISCAS	5	2	170	454	1373
mm4a	ISCAS	5	3	170	454	1341
mm4a	ISCAS	5	4	170	454	1391
mm4a	ISCAS	5	5	170	454	1338
mm4a	ISCAS	5	6	170	454	1351
mm4a	ISCAS	5	7	170	454	1337
mm4a	ISCAS	5	8	170	454	1381
mm4a	ISCAS	5	9	170	454	1314
mm4a	ISCAS	5	10	170	454	1440
s400	ISCAS	5	1	287	462	1401
s400	ISCAS	5	2	287	462	1396
s400	ISCAS	5	3	287	462	1369
s400	ISCAS	5	4	287	462	1411
s400	ISCAS	5	5	287	462	1365
s400	ISCAS	5	6	287	462	1378
s400	ISCAS	5	7	287	462	1359
s400	ISCAS	5	8	287	462	1401
s400	ISCAS	5	9	287	462	1336
s400	ISCAS	5	10	287	462	1465
s444	ISCAS	5	1	315	503	1527
s444	ISCAS	5	2	315	503	1525
s444	ISCAS	5	3	315	503	1491
s444	ISCAS	5	4	315	503	1528
s444	ISCAS	5	5	315	503	1494
s444	ISCAS	5	6	315	503	1486
s444	ISCAS	5	7	315	503	1469
s444	ISCAS	5	8	315	503	1511
s444	ISCAS	5	9	315	503	1456
s444	ISCAS	5	10	315	503	1583
mult16b	ISCAS	5	1	333	545	1647
mult16b	ISCAS	5	2	333	545	1647
mult16b	ISCAS	5	3	333	545	1600
mult16b	ISCAS	5	4	333	545	1661
mult16b	ISCAS	5	5	333	545	1620
mult16b	ISCAS	5	6	333	545	1598
mult16b	ISCAS	5	7	333	545	1591
mult16b	ISCAS	5	8	333	545	1630
mult16b	ISCAS	5	9	333	545	1576
mult16b	ISCAS	5	10	333	545	1711
s526n	ISCAS	5	1	292	560	1696
s526n	ISCAS	5	2	292	560	1694
s526n	ISCAS	5	3	292	560	1642
s526n	ISCAS	5	4	292	560	1709
s526n	ISCAS	5	5	292	560	1661
s526n	ISCAS	5	6	292	560	1648
s526n	ISCAS	5	7	292	560	1634
s526n	ISCAS	5	8	292	560	1677
s526n	ISCAS	5	9	292	560	1620
s526n	ISCAS	5	10	292	560	1760
s526	ISCAS	5	1	318	576	1755
s526	ISCAS	5	2	318	576	1739
s526	ISCAS	5	3	318	576	1700
s526	ISCAS	5	4	318	576	1763
s526	ISCAS	5	5	318	576	1716
s526	ISCAS	5	6	318	576	1699
s526	ISCAS	5	7	318	576	1676
s526	ISCAS	5	8	318	576	1721
s526	ISCAS	5	9	318	576	1669
s526	ISCAS	5	10	318	576	1803
mult16a	ISCAS	5	1	293	582	1768
mult16a	ISCAS	5	2	293	582	1756
mult16a	ISCAS	5	3	293	582	1722
mult16a	ISCAS	5	4	293	582	1781
mult16a	ISCAS	5	5	293	582	1736
mult16a	ISCAS	5	6	293	582	1719
mult16a	ISCAS	5	7	293	582	1694
mult16a	ISCAS	5	8	293	582	1733
mult16a	ISCAS	5	9	293	582	1688
mult16a	ISCAS	5	10	293	582	1825
s641	ISCAS	5	1	477	612	1859
s641	ISCAS	5	2	477	612	1839
s641	ISCAS	5	3	477	612	1827
s641	ISCAS	5	4	477	612	1881
s641	ISCAS	5	5	477	612	1833
s641	ISCAS	5	6	477	612	1798
s641	ISCAS	5	7	477	612	1792
s641	ISCAS	5	8	477	612	1819
s641	ISCAS	5	9	477	612	1778
s641	ISCAS	5	10	477	612	1910
s713	ISCAS	5	1	515	688	2080
s713	ISCAS	5	2	515	688	2061
s713	ISCAS	5	3	515	688	2056
s713	ISCAS	5	4	515	688	2117
s713	ISCAS	5	5	515	688	2074
s713	ISCAS	5	6	515	688	2035
s713	ISCAS	5	7	515	688	2027
s713	ISCAS	5	8	515	688	2025
s713	ISCAS	5	9	515	688	1989
s713	ISCAS	5	10	515	688	2133
s838	ISCAS	5	1	665	941	2882
s838	ISCAS	5	2	665	941	2820
s838	ISCAS	5	3	665	941	2828
s838	ISCAS	5	4	665	941	2880
s838	ISCAS	5	5	665	941	2853
s838	ISCAS	5	6	665	941	2769
s838	ISCAS	5	7	665	941	2759
s838	ISCAS	5	8	665	941	2768
s838	ISCAS	5	9	665	941	2764
s838	ISCAS	5	10	665	941	2905
s953	ISCAS	5	1	730	1090	3345
s953	ISCAS	5	2	730	1090	3261
s953	ISCAS	5	3	730	1090	3286
s953	ISCAS	5	4	730	1090	3333
s953	ISCAS	5	5	730	1090	3304
s953	ISCAS	5	6	730	1090	3210
s953	ISCAS	5	7	730	1090	3196
s953	ISCAS	5	8	730	1090	3199
s953	ISCAS	5	9	730	1090	3192
s953	ISCAS	5	10	730	1090	3357
mult32a	ISCAS	5	1	565	1142	3504
mult32a	ISCAS	5	2	565	1142	3425
mult32a	ISCAS	5	3	565	1142	3468
mult32a	ISCAS	5	4	565	1142	3490
mult32a	ISCAS	5	5	565	1142	3471
mult32a	ISCAS	5	6	565	1142	3360
mult32a	ISCAS	5	7	565	1142	3349
mult32a	ISCAS	5	8	565	1142	3338
mult32a	ISCAS	5	9	565	1142	3345
mult32a	ISCAS	5	10	565	1142	3509
mm9a	ISCAS	5	1	631	1182	3633
mm9a	ISCAS	5	2	631	1182	3547
mm9a	ISCAS	5	3	631	1182	3600
mm9a	ISCAS	5	4	631	1182	3605
mm9a	ISCAS	5	5	631	1182	3572
mm9a	ISCAS	5	6	631	1182	3491
mm9a	ISCAS	5	7	631	1182	3481
mm9a	ISCAS	5	8	631	1182	3457
mm9a	ISCAS	5	9	631	1182	3474
mm9a	ISCAS	5	10	631	1182	3626
s1423	ISCAS	5	1	916	1448	4455
s1423	ISCAS	5	2	916	1448	4342
s1423	ISCAS	5	3	916	1448	4381
s1423	ISCAS	5	4	916	1448	4397
s1423	ISCAS	5	5	916	1448	4362
s1423	ISCAS	5	6	916	1448	4282
s1423	ISCAS	5	7	916	1448	4305
s1423	ISCAS	5	8	916	1448	4298
s1423	ISCAS	5	9	916	1448	4289
s1423	ISCAS	5	10	916	1448	4429
mm9b	ISCAS	5	1	777	1452	4469
mm9b	ISCAS	5	2	777	1452	4356
mm9b	ISCAS	5	3	777	1452	4394
mm9b	ISCAS	5	4	777	1452	4409
mm9b	ISCAS	5	5	777	1452	4376
mm9b	ISCAS	5	6	777	1452	4298
mm9b	ISCAS	5	7	777	1452	4317
mm9b	ISCAS	5	8	777	1452	4308
mm9b	ISCAS	5	9	777	1452	4301
mm9b	ISCAS	5	10	777	1452	4442
sbc	ISCAS	5	1	1147	1791	5465
sbc	ISCAS	5	2	1147	1791	5341
sbc	ISCAS	5	3	1147	1791	5411
sbc	ISCAS	5	4	1147	1791	5432
sbc	ISCAS	5	5	1147	1791	5408
sbc	ISCAS	5	6	1147	1791	5308
sbc	ISCAS	5	7	1147	1791	5296
sbc	ISCAS	5	8	1147	1791	5323
sbc	ISCAS	5	9	1147	1791	5324
sbc	ISCAS	5	10	1147	1791	5455
ecc	ISCAS	5	1	1618	2843	8692
ecc	ISCAS	5	2	1618	2843	8438
ecc	ISCAS	5	3	1618	2843	8528
ecc	ISCAS	5	4	1618	2843	8602
ecc	ISCAS	5	5	1618	2843	8520
ecc	ISCAS	5	6	1618	2843	8503
ecc	ISCAS	5	7	1618	2843	8489
ecc	ISCAS	5	8	1618	2843	8499
ecc	ISCAS	5	9	1618	2843	8456
ecc	ISCAS	5	10	1618	2843	8654
phase-decoder	ISCAS	5	1	1671	3379	10294
phase-decoder	ISCAS	5	2	1671	3379	10057
phase-decoder	ISCAS	5	3	1671	3379	10149
phase-decoder	ISCAS	5	4	1671	3379	10178
phase-decoder	ISCAS	5	5	1671	3379	10119
phase-decoder	ISCAS	5	6	1671	3379	10119
phase-decoder	ISCAS	5	7	1671	3379	10087
phase-decoder	ISCAS	5	8	1671	3379	10146
phase-decoder	ISCAS	5	9	1671	3379	10061
phase-decoder	ISCAS	5	10	1671	3379	10288
daio-receiver	ISCAS	5	1	1942	3749	11436
daio-receiver	ISCAS	5	2	1942	3749	11179
daio-receiver	ISCAS	5	3	1942	3749	11243
daio-receiver	ISCAS	5	4	1942	3749	11322
daio-receiver	ISCAS	5	5	1942	3749	11231
daio-receiver	ISCAS	5	6	1942	3749	11237
daio-receiver	ISCAS	5	7	1942	3749	11237
daio-receiver	ISCAS	5	8	1942	3749	11224
daio-receiver	ISCAS	5	9	1942	3749	11185
daio-receiver	ISCAS	5	10	1942	3749	11432
mm30a	ISCAS	5	1	2059	3912	11910
mm30a	ISCAS	5	2	2059	3912	11678
mm30a	ISCAS	5	3	2059	3912	11727
mm30a	ISCAS	5	4	2059	3912	11806
mm30a	ISCAS	5	5	2059	3912	11749
mm30a	ISCAS	5	6	2059	3912	11751
mm30a	ISCAS	5	7	2059	3912	11721
mm30a	ISCAS	5	8	2059	3912	11705
mm30a	ISCAS	5	9	2059	3912	11662
mm30a	ISCAS	5	10	2059	3912	11935
s9234	ISCAS	5	1	3083	4298	13042
s9234	ISCAS	5	2	3083	4298	12852
s9234	ISCAS	5	3	3083	4298	12856
s9234	ISCAS	5	4	3083	4298	12975
s9234	ISCAS	5	5	3083	4298	12918
s9234	ISCAS	5	6	3083	4298	12889
s9234	ISCAS	5	7	3083	4298	12848
s9234	ISCAS	5	8	3083	4298	12867
s9234	ISCAS	5	9	3083	4298	12826
s9234	ISCAS	5	10	3083	4298	13092
s5378	ISCAS	5	1	3076	4590	13913
s5378	ISCAS	5	2	3076	4590	13691
s5378	ISCAS	5	3	3076	4590	13673
s5378	ISCAS	5	4	3076	4590	13819
s5378	ISCAS	5	5	3076	4590	13807
s5378	ISCAS	5	6	3076	4590	13763
s5378	ISCAS	5	7	3076	4590	13690
s5378	ISCAS	5	8	3076	4590	13692
s5378	ISCAS	5	9	3076	4590	13708
s5378	ISCAS	5	10	3076	4590	13991
parker1986	ISCAS	5	1	2795	5027	15213
parker1986	ISCAS	5	2	2795	5027	15018
parker1986	ISCAS	5	3	2795	5027	15022
parker1986	ISCAS	5	4	2795	5027	15131
parker1986	ISCAS	5	5	2795	5027	15170
parker1986	ISCAS	5	6	2795	5027	15078
parker1986	ISCAS	5	7	2795	5027	14975
parker1986	ISCAS	5	8	2795	5027	14971
parker1986	ISCAS	5	9	2795	5027	15040
parker1986	ISCAS	5	10	2795	5027	15333
dsip	ISCAS	5	1	4079	6602	19965
dsip	ISCAS	5	2	4079	6602	19680
dsip	ISCAS	5	3	4079	6602	19747
dsip	ISCAS	5	4	4079	6602	19849
dsip	ISCAS	5	5	4079	6602	19871
dsip	ISCAS	5	6	4079	6602	19843
dsip	ISCAS	5	7	4079	6602	19719
dsip	ISCAS	5	8	4079	6602	19719
dsip	ISCAS	5	9	4079	6602	19690
dsip	ISCAS	5	10	4079	6602	20037
bigkey	ISCAS	5	1	3661	12206	36725
bigkey	ISCAS	5	2	3661	12206	36456
bigkey	ISCAS	5	3	3661	12206	36505
bigkey	ISCAS	5	4	3661	12206	36601
bigkey	ISCAS	5	5	3661	12206	36716
bigkey	ISCAS	5	6	3661	12206	36692
bigkey	ISCAS	5	7	3661	12206	36581
bigkey	ISCAS	5	8	3661	12206	36447
bigkey	ISCAS	5	9	3661	12206	36509
bigkey	ISCAS	5	10	3661	12206	36773
p2p-Gnutella08	SNAP	5	1	6301	20777	62436
p2p-Gnutella08	SNAP	5	2	6301	20777	62262
p2p-Gnutella08	SNAP	5	3	6301	20777	62075
p2p-Gnutella08	SNAP	5	4	6301	20777	62344
p2p-Gnutella08	SNAP	5	5	6301	20777	62554
p2p-Gnutella08	SNAP	5	6	6301	20777	62359
p2p-Gnutella08	SNAP	5	7	6301	20777	62246
p2p-Gnutella08	SNAP	5	8	6301	20777	62048
p2p-Gnutella08	SNAP	5	9	6301	20777	62041
p2p-Gnutella08	SNAP	5	10	6301	20777	62550
p2p-Gnutella09	SNAP	5	1	8114	26013	78116
p2p-Gnutella09	SNAP	5	2	8114	26013	77928
p2p-Gnutella09	SNAP	5	3	8114	26013	77676
p2p-Gnutella09	SNAP	5	4	8114	26013	77865
p2p-Gnutella09	SNAP	5	5	8114	26013	78206
p2p-Gnutella09	SNAP	5	6	8114	26013	78072
p2p-Gnutella09	SNAP	5	7	8114	26013	78061
p2p-Gnutella09	SNAP	5	8	8114	26013	77683
p2p-Gnutella09	SNAP	5	9	8114	26013	77640
p2p-Gnutella09	SNAP	5	10	8114	26013	78235
p2p-Gnutella06	SNAP	5	1	8717	31525	94612
p2p-Gnutella06	SNAP	5	2	8717	31525	94477
p2p-Gnutella06	SNAP	5	3	8717	31525	94139
p2p-Gnutella06	SNAP	5	4	8717	31525	94393
p2p-Gnutella06	SNAP	5	5	8717	31525	94703
p2p-Gnutella06	SNAP	5	6	8717	31525	94603
p2p-Gnutella06	SNAP	5	7	8717	31525	94690
p2p-Gnutella06	SNAP	5	8	8717	31525	94061
p2p-Gnutella06	SNAP	5	9	8717	31525	94044
p2p-Gnutella06	SNAP	5	10	8717	31525	94787
p2p-Gnutella05	SNAP	5	1	8846	31839	95601
p2p-Gnutella05	SNAP	5	2	8846	31839	95388
p2p-Gnutella05	SNAP	5	3	8846	31839	95044
p2p-Gnutella05	SNAP	5	4	8846	31839	95361
p2p-Gnutella05	SNAP	5	5	8846	31839	95626
p2p-Gnutella05	SNAP	5	6	8846	31839	95559
p2p-Gnutella05	SNAP	5	7	8846	31839	95607
p2p-Gnutella05	SNAP	5	8	8846	31839	94985
p2p-Gnutella05	SNAP	5	9	8846	31839	95012
p2p-Gnutella05	SNAP	5	10	8846	31839	95708
s38584	ISCAS	5	1	20349	34563	103839
s38584	ISCAS	5	2	20349	34563	103520
s38584	ISCAS	5	3	20349	34563	103215
s38584	ISCAS	5	4	20349	34563	103519
s38584	ISCAS	5	5	20349	34563	103755
s38584	ISCAS	5	6	20349	34563	103822
s38584	ISCAS	5	7	20349	34563	103774
s38584	ISCAS	5	8	20349	34563	103192
s38584	ISCAS	5	9	20349	34563	103206
s38584	ISCAS	5	10	20349	34563	103865
s38417	ISCAS	5	1	24255	34876	104768
s38417	ISCAS	5	2	24255	34876	104403
s38417	ISCAS	5	3	24255	34876	104141
s38417	ISCAS	5	4	24255	34876	104436
s38417	ISCAS	5	5	24255	34876	104695
s38417	ISCAS	5	6	24255	34876	104796
s38417	ISCAS	5	7	24255	34876	104724
s38417	ISCAS	5	8	24255	34876	104138
s38417	ISCAS	5	9	24255	34876	104093
s38417	ISCAS	5	10	24255	34876	104799
ibm01	ISPD	5	1	12752	36681	110229
ibm01	ISPD	5	2	12752	36681	109819
ibm01	ISPD	5	3	12752	36681	109519
ibm01	ISPD	5	4	12752	36681	109841
ibm01	ISPD	5	5	12752	36681	110115
ibm01	ISPD	5	6	12752	36681	110184
ibm01	ISPD	5	7	12752	36681	110167
ibm01	ISPD	5	8	12752	36681	109570
ibm01	ISPD	5	9	12752	36681	109630
ibm01	ISPD	5	10	12752	36681	110199
p2p-Gnutella04	SNAP	5	1	10879	39994	120217
p2p-Gnutella04	SNAP	5	2	10879	39994	119643
p2p-Gnutella04	SNAP	5	3	10879	39994	119521
p2p-Gnutella04	SNAP	5	4	10879	39994	119903
p2p-Gnutella04	SNAP	5	5	10879	39994	120038
p2p-Gnutella04	SNAP	5	6	10879	39994	120001
p2p-Gnutella04	SNAP	5	7	10879	39994	120098
p2p-Gnutella04	SNAP	5	8	10879	39994	119381
p2p-Gnutella04	SNAP	5	9	10879	39994	119444
p2p-Gnutella04	SNAP	5	10	10879	39994	120156
p2p-Gnutella25	SNAP	5	1	22687	54705	164532
p2p-Gnutella25	SNAP	5	2	22687	54705	164220
p2p-Gnutella25	SNAP	5	3	22687	54705	163686
p2p-Gnutella25	SNAP	5	4	22687	54705	164218
p2p-Gnutella25	SNAP	5	5	22687	54705	164101
p2p-Gnutella25	SNAP	5	6	22687	54705	164169
p2p-Gnutella25	SNAP	5	7	22687	54705	163929
p2p-Gnutella25	SNAP	5	8	22687	54705	163647
p2p-Gnutella25	SNAP	5	9	22687	54705	163830
p2p-Gnutella25	SNAP	5	10	22687	54705	164214
ibm02	ISPD	5	1	19601	61829	185897
ibm02	ISPD	5	2	19601	61829	185481
ibm02	ISPD	5	3	19601	61829	185356
ibm02	ISPD	5	4	19601	61829	185470
ibm02	ISPD	5	5	19601	61829	185448
ibm02	ISPD	5	6	19601	61829	185583
ibm02	ISPD	5	7	19601	61829	185254
ibm02	ISPD	5	8	19601	61829	184996
ibm02	ISPD	5	9	19601	61829	185130
ibm02	ISPD	5	10	19601	61829	185587
p2p-Gnutella24	SNAP	5	1	26518	65369	196632
p2p-Gnutella24	SNAP	5	2	26518	65369	196032
p2p-Gnutella24	SNAP	5	3	26518	65369	196035
p2p-Gnutella24	SNAP	5	4	26518	65369	196174
p2p-Gnutella24	SNAP	5	5	26518	65369	195996
p2p-Gnutella24	SNAP	5	6	26518	65369	196146
p2p-Gnutella24	SNAP	5	7	26518	65369	195910
p2p-Gnutella24	SNAP	5	8	26518	65369	195728
p2p-Gnutella24	SNAP	5	9	26518	65369	195843
p2p-Gnutella24	SNAP	5	10	26518	65369	196253
syn-16	Synthetic	5	1	16384	65536	197131
syn-16	Synthetic	5	2	16384	65536	196508
syn-16	Synthetic	5	3	16384	65536	196538
syn-16	Synthetic	5	4	16384	65536	196691
syn-16	Synthetic	5	5	16384	65536	196524
syn-16	Synthetic	5	6	16384	65536	196676
syn-16	Synthetic	5	7	16384	65536	196408
syn-16	Synthetic	5	8	16384	65536	196261
syn-16	Synthetic	5	9	16384	65536	196362
syn-16	Synthetic	5	10	16384	65536	196716
ibm03	ISPD	5	1	23136	66429	199743
ibm03	ISPD	5	2	23136	66429	199226
ibm03	ISPD	5	3	23136	66429	199152
ibm03	ISPD	5	4	23136	66429	199368
ibm03	ISPD	5	5	23136	66429	199146
ibm03	ISPD	5	6	23136	66429	199353
ibm03	ISPD	5	7	23136	66429	199085
ibm03	ISPD	5	8	23136	66429	198924
ibm03	ISPD	5	9	23136	66429	199021
ibm03	ISPD	5	10	23136	66429	199424
word-assoc	LAW	5	1	10617	72172	216946
word-assoc	LAW	5	2	10617	72172	216400
word-assoc	LAW	5	3	10617	72172	216403
word-assoc	LAW	5	4	10617	72172	216562
word-assoc	LAW	5	5	10617	72172	216220
word-assoc	LAW	5	6	10617	72172	216733
word-assoc	LAW	5	7	10617	72172	216230
word-assoc	LAW	5	8	10617	72172	216099
word-assoc	LAW	5	9	10617	72172	216385
word-assoc	LAW	5	10	10617	72172	216691
ibm04	ISPD	5	1	27507	74138	222721
ibm04	ISPD	5	2	27507	74138	222480
ibm04	ISPD	5	3	27507	74138	222340
ibm04	ISPD	5	4	27507	74138	222366
ibm04	ISPD	5	5	27507	74138	222095
ibm04	ISPD	5	6	27507	74138	222710
ibm04	ISPD	5	7	27507	74138	222075
ibm04	ISPD	5	8	27507	74138	221942
ibm04	ISPD	5	9	27507	74138	222274
ibm04	ISPD	5	10	27507	74138	222496
p2p-Gnutella30	SNAP	5	1	36682	88328	265319
p2p-Gnutella30	SNAP	5	2	36682	88328	265091
p2p-Gnutella30	SNAP	5	3	36682	88328	265127
p2p-Gnutella30	SNAP	5	4	36682	88328	264863
p2p-Gnutella30	SNAP	5	5	36682	88328	264584
p2p-Gnutella30	SNAP	5	6	36682	88328	265045
p2p-Gnutella30	SNAP	5	7	36682	88328	264729
p2p-Gnutella30	SNAP	5	8	36682	88328	264265
p2p-Gnutella30	SNAP	5	9	36682	88328	265171
p2p-Gnutella30	SNAP	5	10	36682	88328	264774
ibm06	ISPD	5	1	32498	93493	280962
ibm06	ISPD	5	2	32498	93493	280503
ibm06	ISPD	5	3	32498	93493	280511
ibm06	ISPD	5	4	32498	93493	280401
ibm06	ISPD	5	5	32498	93493	280262
ibm06	ISPD	5	6	32498	93493	280444
ibm06	ISPD	5	7	32498	93493	280064
ibm06	ISPD	5	8	32498	93493	279837
ibm06	ISPD	5	9	32498	93493	280720
ibm06	ISPD	5	10	32498	93493	280272
ibm05	ISPD	5	1	29347	98793	296913
ibm05	ISPD	5	2	29347	98793	296360
ibm05	ISPD	5	3	29347	98793	296320
ibm05	ISPD	5	4	29347	98793	296191
ibm05	ISPD	5	5	29347	98793	296216
ibm05	ISPD	5	6	29347	98793	296451
ibm05	ISPD	5	7	29347	98793	295747
ibm05	ISPD	5	8	29347	98793	295799
ibm05	ISPD	5	9	29347	98793	296702
ibm05	ISPD	5	10	29347	98793	296147
Wiki-Vote	SNAP	5	1	8298	103689	311638
Wiki-Vote	SNAP	5	2	8298	103689	311264
Wiki-Vote	SNAP	5	3	8298	103689	310973
Wiki-Vote	SNAP	5	4	8298	103689	310718
Wiki-Vote	SNAP	5	5	8298	103689	310783
Wiki-Vote	SNAP	5	6	8298	103689	311119
Wiki-Vote	SNAP	5	7	8298	103689	310331
Wiki-Vote	SNAP	5	8	8298	103689	310253
Wiki-Vote	SNAP	5	9	8298	103689	311367
Wiki-Vote	SNAP	5	10	8298	103689	310892
ibm07	ISPD	5	1	45926	127774	383942
ibm07	ISPD	5	2	45926	127774	383128
ibm07	ISPD	5	3	45926	127774	383293
ibm07	ISPD	5	4	45926	127774	382699
ibm07	ISPD	5	5	45926	127774	382694
ibm07	ISPD	5	6	45926	127774	383117
ibm07	ISPD	5	7	45926	127774	382687
ibm07	ISPD	5	8	45926	127774	382175
ibm07	ISPD	5	9	45926	127774	383511
ibm07	ISPD	5	10	45926	127774	383258
syn-17	Synthetic	5	1	16384	131072	393812
syn-17	Synthetic	5	2	16384	131072	393031
syn-17	Synthetic	5	3	16384	131072	393193
syn-17	Synthetic	5	4	16384	131072	392550
syn-17	Synthetic	5	5	16384	131072	392623
syn-17	Synthetic	5	6	16384	131072	393005
syn-17	Synthetic	5	7	16384	131072	392567
syn-17	Synthetic	5	8	16384	131072	392022
syn-17	Synthetic	5	9	16384	131072	393459
syn-17	Synthetic	5	10	16384	131072	393116
p2p-Gnutella31	SNAP	5	1	62586	147892	444206
p2p-Gnutella31	SNAP	5	2	62586	147892	443259
p2p-Gnutella31	SNAP	5	3	62586	147892	443348
p2p-Gnutella31	SNAP	5	4	62586	147892	443122
p2p-Gnutella31	SNAP	5	5	62586	147892	443163
p2p-Gnutella31	SNAP	5	6	62586	147892	443277
p2p-Gnutella31	SNAP	5	7	62586	147892	443099
p2p-Gnutella31	SNAP	5	8	62586	147892	442625
p2p-Gnutella31	SNAP	5	9	62586	147892	443835
p2p-Gnutella31	SNAP	5	10	62586	147892	443772
ibm08	ISPD	5	1	51309	154644	464345
ibm08	ISPD	5	2	51309	154644	463567
ibm08	ISPD	5	3	51309	154644	463530
ibm08	ISPD	5	4	51309	154644	463443
ibm08	ISPD	5	5	51309	154644	463458
ibm08	ISPD	5	6	51309	154644	463436
ibm08	ISPD	5	7	51309	154644	463265
ibm08	ISPD	5	8	51309	154644	463150
ibm08	ISPD	5	9	51309	154644	464119
ibm08	ISPD	5	10	51309	154644	464171
ibm09	ISPD	5	1	53395	161430	484682
ibm09	ISPD	5	2	53395	161430	484187
ibm09	ISPD	5	3	53395	161430	484089
ibm09	ISPD	5	4	53395	161430	483761
ibm09	ISPD	5	5	53395	161430	483910
ibm09	ISPD	5	6	53395	161430	483927
ibm09	ISPD	5	7	53395	161430	483707
ibm09	ISPD	5	8	53395	161430	483296
ibm09	ISPD	5	9	53395	161430	484361
ibm09	ISPD	5	10	53395	161430	484587
ibm11	ISPD	5	1	70558	199694	599434
ibm11	ISPD	5	2	70558	199694	599178
ibm11	ISPD	5	3	70558	199694	599065
ibm11	ISPD	5	4	70558	199694	598322
ibm11	ISPD	5	5	70558	199694	598595
ibm11	ISPD	5	6	70558	199694	598485
ibm11	ISPD	5	7	70558	199694	598286
ibm11	ISPD	5	8	70558	199694	597935
ibm11	ISPD	5	9	70558	199694	599510
ibm11	ISPD	5	10	70558	199694	599097
ibm10	ISPD	5	1	69429	223090	669694
ibm10	ISPD	5	2	69429	223090	669193
ibm10	ISPD	5	3	69429	223090	669442
ibm10	ISPD	5	4	69429	223090	668543
ibm10	ISPD	5	5	69429	223090	669025
ibm10	ISPD	5	6	69429	223090	668829
ibm10	ISPD	5	7	69429	223090	668297
ibm10	ISPD	5	8	69429	223090	667956
ibm10	ISPD	5	9	69429	223090	669826
ibm10	ISPD	5	10	69429	223090	669160
ibm12	ISPD	5	1	71076	241135	723863
ibm12	ISPD	5	2	71076	241135	723224
ibm12	ISPD	5	3	71076	241135	723096
ibm12	ISPD	5	4	71076	241135	722713
ibm12	ISPD	5	5	71076	241135	723164
ibm12	ISPD	5	6	71076	241135	722588
ibm12	ISPD	5	7	71076	241135	722307
ibm12	ISPD	5	8	71076	241135	721935
ibm12	ISPD	5	9	71076	241135	723951
ibm12	ISPD	5	10	71076	241135	723178
ibm13	ISPD	5	1	84199	257788	774023
ibm13	ISPD	5	2	84199	257788	773248
ibm13	ISPD	5	3	84199	257788	773020
ibm13	ISPD	5	4	84199	257788	772744
ibm13	ISPD	5	5	84199	257788	773202
ibm13	ISPD	5	6	84199	257788	772362
ibm13	ISPD	5	7	84199	257788	771930
ibm13	ISPD	5	8	84199	257788	771893
ibm13	ISPD	5	9	84199	257788	774068
ibm13	ISPD	5	10	84199	257788	773249
syn-18	Synthetic	5	1	131072	262144	787134
syn-18	Synthetic	5	2	131072	262144	786354
syn-18	Synthetic	5	3	131072	262144	786138
syn-18	Synthetic	5	4	131072	262144	785758
syn-18	Synthetic	5	5	131072	262144	786144
syn-18	Synthetic	5	6	131072	262144	785341
syn-18	Synthetic	5	7	131072	262144	784951
syn-18	Synthetic	5	8	131072	262144	784701
syn-18	Synthetic	5	9	131072	262144	787082
syn-18	Synthetic	5	10	131072	262144	786350
enron	LAW	5	1	69244	276143	828926
enron	LAW	5	2	69244	276143	828334
enron	LAW	5	3	69244	276143	828311
enron	LAW	5	4	69244	276143	827596
enron	LAW	5	5	69244	276143	828032
enron	LAW	5	6	69244	276143	827209
enron	LAW	5	7	69244	276143	826995
enron	LAW	5	8	69244	276143	826709
enron	LAW	5	9	69244	276143	829021
enron	LAW	5	10	69244	276143	828245
ibm14	ISPD	5	1	147605	394497	1183388
ibm14	ISPD	5	2	147605	394497	1183200
ibm14	ISPD	5	3	147605	394497	1183544
ibm14	ISPD	5	4	147605	394497	1183064
ibm14	ISPD	5	5	147605	394497	1183333
ibm14	ISPD	5	6	147605	394497	1182101
ibm14	ISPD	5	7	147605	394497	1181914
ibm14	ISPD	5	8	147605	394497	1181796
ibm14	ISPD	5	9	147605	394497	1184523
ibm14	ISPD	5	10	147605	394497	1182653
Email-EuAll	SNAP	5	1	265214	420045	1259742
Email-EuAll	SNAP	5	2	265214	420045	1260010
Email-EuAll	SNAP	5	3	265214	420045	1260655
Email-EuAll	SNAP	5	4	265214	420045	1259802
Email-EuAll	SNAP	5	5	265214	420045	1260394
Email-EuAll	SNAP	5	6	265214	420045	1258598
Email-EuAll	SNAP	5	7	265214	420045	1258615
Email-EuAll	SNAP	5	8	265214	420045	1258599
Email-EuAll	SNAP	5	9	265214	420045	1261163
Email-EuAll	SNAP	5	10	265214	420045	1259269
soc-Epinions1	SNAP	5	1	75888	508837	1527107
soc-Epinions1	SNAP	5	2	75888	508837	1526931
soc-Epinions1	SNAP	5	3	75888	508837	1526972
soc-Epinions1	SNAP	5	4	75888	508837	1526460
soc-Epinions1	SNAP	5	5	75888	508837	1526687
soc-Epinions1	SNAP	5	6	75888	508837	1524901
soc-Epinions1	SNAP	5	7	75888	508837	1524667
soc-Epinions1	SNAP	5	8	75888	508837	1524783
soc-Epinions1	SNAP	5	9	75888	508837	1526752
soc-Epinions1	SNAP	5	10	75888	508837	1525378
syn-19	Synthetic	5	1	131072	524288	1573298
syn-19	Synthetic	5	2	131072	524288	1573157
syn-19	Synthetic	5	3	131072	524288	1573339
syn-19	Synthetic	5	4	131072	524288	1572584
syn-19	Synthetic	5	5	131072	524288	1572977
syn-19	Synthetic	5	6	131072	524288	1571311
syn-19	Synthetic	5	7	131072	524288	1570762
syn-19	Synthetic	5	8	131072	524288	1570902
syn-19	Synthetic	5	9	131072	524288	1572707
syn-19	Synthetic	5	10	131072	524288	1571937
ibm15	ISPD	5	1	161570	529562	1589051
ibm15	ISPD	5	2	161570	529562	1589082
ibm15	ISPD	5	3	161570	529562	1589424
ibm15	ISPD	5	4	161570	529562	1588385
ibm15	ISPD	5	5	161570	529562	1588673
ibm15	ISPD	5	6	161570	529562	1587237
ibm15	ISPD	5	7	161570	529562	1586544
ibm15	ISPD	5	8	161570	529562	1586756
ibm15	ISPD	5	9	161570	529562	1588606
ibm15	ISPD	5	10	161570	529562	1587874
ibm16	ISPD	5	1	183484	589253	1768301
ibm16	ISPD	5	2	183484	589253	1768025
ibm16	ISPD	5	3	183484	589253	1768118
ibm16	ISPD	5	4	183484	589253	1767278
ibm16	ISPD	5	5	183484	589253	1767778
ibm16	ISPD	5	6	183484	589253	1766976
ibm16	ISPD	5	7	183484	589253	1765807
ibm16	ISPD	5	8	183484	589253	1765688
ibm16	ISPD	5	9	183484	589253	1768071
ibm16	ISPD	5	10	183484	589253	1767044
ibm18	ISPD	5	1	210613	618020	1854626
ibm18	ISPD	5	2	210613	618020	1854585
ibm18	ISPD	5	3	210613	618020	1854394
ibm18	ISPD	5	4	210613	618020	1853642
ibm18	ISPD	5	5	210613	618020	1853584
ibm18	ISPD	5	6	210613	618020	1853145
ibm18	ISPD	5	7	210613	618020	1852035
ibm18	ISPD	5	8	210613	618020	1851815
ibm18	ISPD	5	9	210613	618020	1854397
ibm18	ISPD	5	10	210613	618020	1853313
ibm17	ISPD	5	1	185495	671174	2013717
ibm17	ISPD	5	2	185495	671174	2014467
ibm17	ISPD	5	3	185495	671174	2013981
ibm17	ISPD	5	4	185495	671174	2012811
ibm17	ISPD	5	5	185495	671174	2013124
ibm17	ISPD	5	6	185495	671174	2012641
ibm17	ISPD	5	7	185495	671174	2011296
ibm17	ISPD	5	8	185495	671174	2011270
ibm17	ISPD	5	9	185495	671174	2013919
ibm17	ISPD	5	10	185495	671174	2013302
Slashdot0811	SNAP	5	1	77360	905468	2716135
Slashdot0811	SNAP	5	2	77360	905468	2716815
Slashdot0811	SNAP	5	3	77360	905468	2716449
Slashdot0811	SNAP	5	4	77360	905468	2715590
Slashdot0811	SNAP	5	5	77360	905468	2716205
Slashdot0811	SNAP	5	6	77360	905468	2715693
Slashdot0811	SNAP	5	7	77360	905468	2713813
Slashdot0811	SNAP	5	8	77360	905468	2714770
Slashdot0811	SNAP	5	9	77360	905468	2716582
Slashdot0811	SNAP	5	10	77360	905468	2715573
Slashdot0902	SNAP	5	1	82168	948464	2845534
Slashdot0902	SNAP	5	2	82168	948464	2846003
Slashdot0902	SNAP	5	3	82168	948464	2845537
Slashdot0902	SNAP	5	4	82168	948464	2844524
Slashdot0902	SNAP	5	5	82168	948464	2845239
Slashdot0902	SNAP	5	6	82168	948464	2844459
Slashdot0902	SNAP	5	7	82168	948464	2842757
Slashdot0902	SNAP	5	8	82168	948464	2843377
Slashdot0902	SNAP	5	9	82168	948464	2845571
Slashdot0902	SNAP	5	10	82168	948464	2844250
syn-20	Synthetic	5	1	131072	1048576	3145502
syn-20	Synthetic	5	2	131072	1048576	3146095
syn-20	Synthetic	5	3	131072	1048576	3146639
syn-20	Synthetic	5	4	131072	1048576	3144956
syn-20	Synthetic	5	5	131072	1048576	3145718
syn-20	Synthetic	5	6	131072	1048576	3144818
syn-20	Synthetic	5	7	131072	1048576	3143241
syn-20	Synthetic	5	8	131072	1048576	3144146
syn-20	Synthetic	5	9	131072	1048576	3145942
syn-20	Synthetic	5	10	131072	1048576	3143603
Amazon0302	SNAP	5	1	262111	1234877	3704758
Amazon0302	SNAP	5	2	262111	1234877	3705455
Amazon0302	SNAP	5	3	262111	1234877	3705058
Amazon0302	SNAP	5	4	262111	1234877	3704245
Amazon0302	SNAP	5	5	262111	1234877	3705630
Amazon0302	SNAP	5	6	262111	1234877	3703112
Amazon0302	SNAP	5	7	262111	1234877	3701138
Amazon0302	SNAP	5	8	262111	1234877	3703431
Amazon0302	SNAP	5	9	262111	1234877	3705142
Amazon0302	SNAP	5	10	262111	1234877	3701881
web-NotreDame	SNAP	5	1	325729	1497134	4490765
web-NotreDame	SNAP	5	2	325729	1497134	4492429
web-NotreDame	SNAP	5	3	325729	1497134	4491334
web-NotreDame	SNAP	5	4	325729	1497134	4490865
web-NotreDame	SNAP	5	5	325729	1497134	4491765
web-NotreDame	SNAP	5	6	325729	1497134	4490085
web-NotreDame	SNAP	5	7	325729	1497134	4487571
web-NotreDame	SNAP	5	8	325729	1497134	4489818
web-NotreDame	SNAP	5	9	325729	1497134	4492441
web-NotreDame	SNAP	5	10	325729	1497134	4488938
dblp-2010	#N/A	5	1	#N/A	#N/A	4845759
dblp-2010	#N/A	5	2	#N/A	#N/A	4846405
dblp-2010	#N/A	5	3	#N/A	#N/A	4846374
dblp-2010	#N/A	5	4	#N/A	#N/A	4845416
dblp-2010	#N/A	5	5	#N/A	#N/A	4847203
dblp-2010	#N/A	5	6	#N/A	#N/A	4845155
dblp-2010	#N/A	5	7	#N/A	#N/A	4841971
dblp-2010	#N/A	5	8	#N/A	#N/A	4844723
dblp-2010	#N/A	5	9	#N/A	#N/A	4847534
dblp-2010	#N/A	5	10	#N/A	#N/A	4843852
syn-21	Synthetic	5	1	1048576	2097152	6291630
syn-21	Synthetic	5	2	1048576	2097152	6292960
syn-21	Synthetic	5	3	1048576	2097152	6292194
syn-21	Synthetic	5	4	1048576	2097152	6290334
syn-21	Synthetic	5	5	1048576	2097152	6292799
syn-21	Synthetic	5	6	1048576	2097152	6290567
syn-21	Synthetic	5	7	1048576	2097152	6287477
syn-21	Synthetic	5	8	1048576	2097152	6290492
syn-21	Synthetic	5	9	1048576	2097152	6290832
syn-21	Synthetic	5	10	1048576	2097152	6288795
web-Stanford	SNAP	5	1	281904	2312497	6937525
web-Stanford	SNAP	5	2	281904	2312497	6938749
web-Stanford	SNAP	5	3	281904	2312497	6937986
web-Stanford	SNAP	5	4	281904	2312497	6935772
web-Stanford	SNAP	5	5	281904	2312497	6937686
web-Stanford	SNAP	5	6	281904	2312497	6935440
web-Stanford	SNAP	5	7	281904	2312497	6933361
web-Stanford	SNAP	5	8	281904	2312497	6935655
web-Stanford	SNAP	5	9	281904	2312497	6936487
web-Stanford	SNAP	5	10	281904	2312497	6935723
twitter	SNAP	5	1	2420767	2420767	7262634
twitter	SNAP	5	2	2420767	2420767	7262978
twitter	SNAP	5	3	2420767	2420767	7262177
twitter	SNAP	5	4	2420767	2420767	7260678
twitter	SNAP	5	5	2420767	2420767	7261836
twitter	SNAP	5	6	2420767	2420767	7259828
twitter	SNAP	5	7	2420767	2420767	7258563
twitter	SNAP	5	8	2420767	2420767	7260230
twitter	SNAP	5	9	2420767	2420767	7261226
twitter	SNAP	5	10	2420767	2420767	7260135
uk-2007-05@100000	LAW	5	1	100000	3050615	9152645
uk-2007-05@100000	LAW	5	2	100000	3050615	9152286
uk-2007-05@100000	LAW	5	3	100000	3050615	9150505
uk-2007-05@100000	LAW	5	4	100000	3050615	9150493
uk-2007-05@100000	LAW	5	5	100000	3050615	9150976
uk-2007-05@100000	LAW	5	6	100000	3050615	9149777
uk-2007-05@100000	LAW	5	7	100000	3050615	9148572
uk-2007-05@100000	LAW	5	8	100000	3050615	9148248
uk-2007-05@100000	LAW	5	9	100000	3050615	9152306
uk-2007-05@100000	LAW	5	10	100000	3050615	9148735
Amazon0312	SNAP	5	1	400727	3200440	9600564
Amazon0312	SNAP	5	2	400727	3200440	9602019
Amazon0312	SNAP	5	3	400727	3200440	9600243
Amazon0312	SNAP	5	4	400727	3200440	9599872
Amazon0312	SNAP	5	5	400727	3200440	9600374
Amazon0312	SNAP	5	6	400727	3200440	9598878
Amazon0312	SNAP	5	7	400727	3200440	9598189
Amazon0312	SNAP	5	8	400727	3200440	9598035
Amazon0312	SNAP	5	9	400727	3200440	9601597
Amazon0312	SNAP	5	10	400727	3200440	9598022
cnr-2000	LAW	5	1	325557	3216152	9647600
cnr-2000	LAW	5	2	325557	3216152	9648946
cnr-2000	LAW	5	3	325557	3216152	9647647
cnr-2000	LAW	5	4	325557	3216152	9646739
cnr-2000	LAW	5	5	325557	3216152	9647409
cnr-2000	LAW	5	6	325557	3216152	9645990
cnr-2000	LAW	5	7	325557	3216152	9645144
cnr-2000	LAW	5	8	325557	3216152	9645073
cnr-2000	LAW	5	9	325557	3216152	9648808
cnr-2000	LAW	5	10	325557	3216152	9645224
Amazon0505	SNAP	5	1	410236	3356824	10069044
Amazon0505	SNAP	5	2	410236	3356824	10070187
Amazon0505	SNAP	5	3	410236	3356824	10069267
Amazon0505	SNAP	5	4	410236	3356824	10067688
Amazon0505	SNAP	5	5	410236	3356824	10069129
Amazon0505	SNAP	5	6	410236	3356824	10068834
Amazon0505	SNAP	5	7	410236	3356824	10067328
Amazon0505	SNAP	5	8	410236	3356824	10067766
Amazon0505	SNAP	5	9	410236	3356824	10070782
Amazon0505	SNAP	5	10	410236	3356824	10067314
Amazon0601	SNAP	5	1	403394	3387388	10160461
Amazon0601	SNAP	5	2	403394	3387388	10161634
Amazon0601	SNAP	5	3	403394	3387388	10160828
Amazon0601	SNAP	5	4	403394	3387388	10159319
Amazon0601	SNAP	5	5	403394	3387388	10161048
Amazon0601	SNAP	5	6	403394	3387388	10160233
Amazon0601	SNAP	5	7	403394	3387388	10159138
Amazon0601	SNAP	5	8	403394	3387388	10159773
Amazon0601	SNAP	5	9	403394	3387388	10162058
Amazon0601	SNAP	5	10	403394	3387388	10159030
syn-22	Synthetic	5	1	1048576	4194304	12580745
syn-22	Synthetic	5	2	1048576	4194304	12581662
syn-22	Synthetic	5	3	1048576	4194304	12582243
syn-22	Synthetic	5	4	1048576	4194304	12580259
syn-22	Synthetic	5	5	1048576	4194304	12581898
syn-22	Synthetic	5	6	1048576	4194304	12580673
syn-22	Synthetic	5	7	1048576	4194304	12580520
syn-22	Synthetic	5	8	1048576	4194304	12579766
syn-22	Synthetic	5	9	1048576	4194304	12584377
syn-22	Synthetic	5	10	1048576	4194304	12579107
WikiTalk	SNAP	5	1	2394385	5021410	15060525
WikiTalk	SNAP	5	2	2394385	5021410	15063523
WikiTalk	SNAP	5	3	2394385	5021410	15063569
WikiTalk	SNAP	5	4	2394385	5021410	15061953
WikiTalk	SNAP	5	5	2394385	5021410	15061567
WikiTalk	SNAP	5	6	2394385	5021410	15063259
WikiTalk	SNAP	5	7	2394385	5021410	15064435
WikiTalk	SNAP	5	8	2394385	5021410	15060515
WikiTalk	SNAP	5	9	2394385	5021410	15067261
WikiTalk	SNAP	5	10	2394385	5021410	15061571
web-Google	SNAP	5	1	916428	5105039	15311239
web-Google	SNAP	5	2	916428	5105039	15314291
web-Google	SNAP	5	3	916428	5105039	15314794
web-Google	SNAP	5	4	916428	5105039	15312497
web-Google	SNAP	5	5	916428	5105039	15312274
web-Google	SNAP	5	6	916428	5105039	15313674
web-Google	SNAP	5	7	916428	5105039	15315258
web-Google	SNAP	5	8	916428	5105039	15311443
web-Google	SNAP	5	9	916428	5105039	15318295
web-Google	SNAP	5	10	916428	5105039	15312995
amazon-2008	LAW	5	1	735323	5158388	15471656
amazon-2008	LAW	5	2	735323	5158388	15473888
amazon-2008	LAW	5	3	735323	5158388	15474521
amazon-2008	LAW	5	4	735323	5158388	15473006
amazon-2008	LAW	5	5	735323	5158388	15472563
amazon-2008	LAW	5	6	735323	5158388	15474259
amazon-2008	LAW	5	7	735323	5158388	15474962
amazon-2008	LAW	5	8	735323	5158388	15471492
amazon-2008	LAW	5	9	735323	5158388	15477817
amazon-2008	LAW	5	10	735323	5158388	15473613
dblp-2011	#N/A	5	1	#N/A	#N/A	20117544
dblp-2011	#N/A	5	2	#N/A	#N/A	20115997
dblp-2011	#N/A	5	3	#N/A	#N/A	20123660
dblp-2011	#N/A	5	4	#N/A	#N/A	20118962
dblp-2011	#N/A	5	5	#N/A	#N/A	20118815
dblp-2011	#N/A	5	6	#N/A	#N/A	20118989
dblp-2011	#N/A	5	7	#N/A	#N/A	20121043
dblp-2011	#N/A	5	8	#N/A	#N/A	20117744
dblp-2011	#N/A	5	9	#N/A	#N/A	20123933
dblp-2011	#N/A	5	10	#N/A	#N/A	20120989
web-BerkStan	SNAP	5	1	685231	7600595	22798246
web-BerkStan	SNAP	5	2	685231	7600595	22794795
web-BerkStan	SNAP	5	3	685231	7600595	22804354
web-BerkStan	SNAP	5	4	685231	7600595	22799250
web-BerkStan	SNAP	5	5	685231	7600595	22794705
web-BerkStan	SNAP	5	6	685231	7600595	22798756
web-BerkStan	SNAP	5	7	685231	7600595	22798578
web-BerkStan	SNAP	5	8	685231	7600595	22799567
web-BerkStan	SNAP	5	9	685231	7600595	22803840
web-BerkStan	SNAP	5	10	685231	7600595	22800568
syn-23	Synthetic	5	1	1048576	8388608	25162898
syn-23	Synthetic	5	2	1048576	8388608	25159598
syn-23	Synthetic	5	3	1048576	8388608	25167517
syn-23	Synthetic	5	4	1048576	8388608	25162828
syn-23	Synthetic	5	5	1048576	8388608	25159153
syn-23	Synthetic	5	6	1048576	8388608	25161686
syn-23	Synthetic	5	7	1048576	8388608	25164476
syn-23	Synthetic	5	8	1048576	8388608	25163707
syn-23	Synthetic	5	9	1048576	8388608	25167142
syn-23	Synthetic	5	10	1048576	8388608	25162237
syn-24	Synthetic	5	1	8388608	16777216	50330478
syn-24	Synthetic	5	2	8388608	16777216	50325518
syn-24	Synthetic	5	3	8388608	16777216	50334138
syn-24	Synthetic	5	4	8388608	16777216	50326227
syn-24	Synthetic	5	5	8388608	16777216	50332625
syn-24	Synthetic	5	6	8388608	16777216	50323826
syn-24	Synthetic	5	7	8388608	16777216	50334619
syn-24	Synthetic	5	8	8388608	16777216	50330811
syn-24	Synthetic	5	9	8388608	16777216	50328941
syn-24	Synthetic	5	10	8388608	16777216	50331263
in-2004	LAW	5	1	1382908	16917053	50749892
in-2004	LAW	5	2	1382908	16917053	50745123
in-2004	LAW	5	3	1382908	16917053	50754249
in-2004	LAW	5	4	1382908	16917053	50744895
in-2004	LAW	5	5	1382908	16917053	50752419
in-2004	LAW	5	6	1382908	16917053	50743179
in-2004	LAW	5	7	1382908	16917053	50754411
in-2004	LAW	5	8	1382908	16917053	50751594
in-2004	LAW	5	9	1382908	16917053	50748678
in-2004	LAW	5	10	1382908	16917053	50751025
uk-2014-tpd	LAW	5	1	1766010	18244650	54731374
uk-2014-tpd	LAW	5	2	1766010	18244650	54728619
uk-2014-tpd	LAW	5	3	1766010	18244650	54735357
uk-2014-tpd	LAW	5	4	1766010	18244650	54724834
uk-2014-tpd	LAW	5	5	1766010	18244650	54734932
uk-2014-tpd	LAW	5	6	1766010	18244650	54726032
uk-2014-tpd	LAW	5	7	1766010	18244650	54736687
uk-2014-tpd	LAW	5	8	1766010	18244650	54733249
uk-2014-tpd	LAW	5	9	1766010	18244650	54732221
uk-2014-tpd	LAW	5	10	1766010	18244650	54731999
eu-2005	LAW	5	1	862664	19235140	57704741
eu-2005	LAW	5	2	862664	19235140	57703056
eu-2005	LAW	5	3	862664	19235140	57708205
eu-2005	LAW	5	4	862664	19235140	57695152
eu-2005	LAW	5	5	862664	19235140	57706416
eu-2005	LAW	5	6	862664	19235140	57696108
eu-2005	LAW	5	7	862664	19235140	57709196
eu-2005	LAW	5	8	862664	19235140	57707577
eu-2005	LAW	5	9	862664	19235140	57702174
eu-2005	LAW	5	10	862664	19235140	57699826
eswiki-2013	LAW	5	1	972839	23041488	69122447
eswiki-2013	LAW	5	2	972839	23041488	69127479
eswiki-2013	LAW	5	3	972839	23041488	69128971
eswiki-2013	LAW	5	4	972839	23041488	69118829
eswiki-2013	LAW	5	5	972839	23041488	69126884
eswiki-2013	LAW	5	6	972839	23041488	69113567
eswiki-2013	LAW	5	7	972839	23041488	69128728
eswiki-2013	LAW	5	8	972839	23041488	69125667
eswiki-2013	LAW	5	9	972839	23041488	69119500
eswiki-2013	LAW	5	10	972839	23041488	69121707
itwiki-2013	LAW	5	1	1016246	25619926	76862194
itwiki-2013	LAW	5	2	1016246	25619926	76864573
itwiki-2013	LAW	5	3	1016246	25619926	76863850
itwiki-2013	LAW	5	4	1016246	25619926	76852663
itwiki-2013	LAW	5	5	1016246	25619926	76862475
itwiki-2013	LAW	5	6	1016246	25619926	76849315
itwiki-2013	LAW	5	7	1016246	25619926	76863720
itwiki-2013	LAW	5	8	1016246	25619926	76858726
itwiki-2013	LAW	5	9	1016246	25619926	76856357
itwiki-2013	LAW	5	10	1016246	25619926	76853819
wiki-topcats	SNAP	5	1	1791489	28511807	85538973
wiki-topcats	SNAP	5	2	1791489	28511807	85539978
wiki-topcats	SNAP	5	3	1791489	28511807	85538562
wiki-topcats	SNAP	5	4	1791489	28511807	85525959
wiki-topcats	SNAP	5	5	1791489	28511807	85536495
wiki-topcats	SNAP	5	6	1791489	28511807	85527001
wiki-topcats	SNAP	5	7	1791489	28511807	85538616
wiki-topcats	SNAP	5	8	1791489	28511807	85532600
wiki-topcats	SNAP	5	9	1791489	28511807	85527549
wiki-topcats	SNAP	5	10	1791489	28511807	85530289
gplus	SNAP	5	1	107614	30494867	91485715
gplus	SNAP	5	2	107614	30494867	91488808
gplus	SNAP	5	3	107614	30494867	91489353
gplus	SNAP	5	4	107614	30494867	91476122
gplus	SNAP	5	5	107614	30494867	91483841
gplus	SNAP	5	6	107614	30494867	91477102
gplus	SNAP	5	7	107614	30494867	91483994
gplus	SNAP	5	8	107614	30494867	91486083
gplus	SNAP	5	9	107614	30494867	91475343
gplus	SNAP	5	10	107614	30494867	91479330
soc-pokec-relationships	SNAP	5	1	1632804	30622564	91868577
soc-pokec-relationships	SNAP	5	2	1632804	30622564	91871385
soc-pokec-relationships	SNAP	5	3	1632804	30622564	91872667
soc-pokec-relationships	SNAP	5	4	1632804	30622564	91859003
soc-pokec-relationships	SNAP	5	5	1632804	30622564	91866290
soc-pokec-relationships	SNAP	5	6	1632804	30622564	91860430
soc-pokec-relationships	SNAP	5	7	1632804	30622564	91866460
soc-pokec-relationships	SNAP	5	8	1632804	30622564	91869231
soc-pokec-relationships	SNAP	5	9	1632804	30622564	91857711
soc-pokec-relationships	SNAP	5	10	1632804	30622564	91862521
syn-25	Synthetic	5	1	8388608	33554432	100663560
syn-25	Synthetic	5	2	8388608	33554432	100668255
syn-25	Synthetic	5	3	8388608	33554432	100669316
syn-25	Synthetic	5	4	8388608	33554432	100651551
syn-25	Synthetic	5	5	8388608	33554432	100663818
syn-25	Synthetic	5	6	8388608	33554432	100655796
syn-25	Synthetic	5	7	8388608	33554432	100659311
syn-25	Synthetic	5	8	8388608	33554432	100668428
syn-25	Synthetic	5	9	8388608	33554432	100651789
syn-25	Synthetic	5	10	8388608	33554432	100656744
frwiki-2013	LAW	5	1	1351881	34378431	103134984
frwiki-2013	LAW	5	2	1351881	34378431	103139476
frwiki-2013	LAW	5	3	1351881	34378431	103143773
frwiki-2013	LAW	5	4	1351881	34378431	103122638
frwiki-2013	LAW	5	5	1351881	34378431	103134939
frwiki-2013	LAW	5	6	1351881	34378431	103129271
frwiki-2013	LAW	5	7	1351881	34378431	103134607
frwiki-2013	LAW	5	8	1351881	34378431	103140204
frwiki-2013	LAW	5	9	1351881	34378431	103123959
frwiki-2013	LAW	5	10	1351881	34378431	103129401
dewiki-2013	LAW	5	1	1531890	36722696	110164556
dewiki-2013	LAW	5	2	1531890	36722696	110175847
dewiki-2013	LAW	5	3	1531890	36722696	110176049
dewiki-2013	LAW	5	4	1531890	36722696	110154983
dewiki-2013	LAW	5	5	1531890	36722696	110164779
dewiki-2013	LAW	5	6	1531890	36722696	110159785
dewiki-2013	LAW	5	7	1531890	36722696	110168464
dewiki-2013	LAW	5	8	1531890	36722696	110169298
dewiki-2013	LAW	5	9	1531890	36722696	110155861
dewiki-2013	LAW	5	10	1531890	36722696	110162579
uk-2007-05@1000000	LAW	5	1	1000000	41247159	123743027
uk-2007-05@1000000	LAW	5	2	1000000	41247159	123750588
uk-2007-05@1000000	LAW	5	3	1000000	41247159	123753714
uk-2007-05@1000000	LAW	5	4	1000000	41247159	123733247
uk-2007-05@1000000	LAW	5	5	1000000	41247159	123737906
uk-2007-05@1000000	LAW	5	6	1000000	41247159	123733557
uk-2007-05@1000000	LAW	5	7	1000000	41247159	123741375
uk-2007-05@1000000	LAW	5	8	1000000	41247159	123743745
uk-2007-05@1000000	LAW	5	9	1000000	41247159	123724375
uk-2007-05@1000000	LAW	5	10	1000000	41247159	123736686
uk-2014-host	LAW	5	1	4769354	50829923	152490687
uk-2014-host	LAW	5	2	4769354	50829923	152498050
uk-2014-host	LAW	5	3	4769354	50829923	152497330
uk-2014-host	LAW	5	4	4769354	50829923	152479811
uk-2014-host	LAW	5	5	4769354	50829923	152484369
uk-2014-host	LAW	5	6	4769354	50829923	152486162
uk-2014-host	LAW	5	7	4769354	50829923	152486578
uk-2014-host	LAW	5	8	4769354	50829923	152498285
uk-2014-host	LAW	5	9	4769354	50829923	152477396
uk-2014-host	LAW	5	10	4769354	50829923	152485199
syn-26	Synthetic	5	1	8388608	67108864	201322538
syn-26	Synthetic	5	2	8388608	67108864	201337302
syn-26	Synthetic	5	3	8388608	67108864	201336644
syn-26	Synthetic	5	4	8388608	67108864	201315857
syn-26	Synthetic	5	5	8388608	67108864	201322820
syn-26	Synthetic	5	6	8388608	67108864	201318415
syn-26	Synthetic	5	7	8388608	67108864	201328716
syn-26	Synthetic	5	8	8388608	67108864	201342327
syn-26	Synthetic	5	9	8388608	67108864	201310187
syn-26	Synthetic	5	10	8388608	67108864	201322318
soc-LiveJournal1	SNAP	5	1	4847571	68993773	206977003
soc-LiveJournal1	SNAP	5	2	4847571	68993773	206990712
soc-LiveJournal1	SNAP	5	3	4847571	68993773	206993664
soc-LiveJournal1	SNAP	5	4	4847571	68993773	206973323
soc-LiveJournal1	SNAP	5	5	4847571	68993773	206976168
soc-LiveJournal1	SNAP	5	6	4847571	68993773	206969261
soc-LiveJournal1	SNAP	5	7	4847571	68993773	206983924
soc-LiveJournal1	SNAP	5	8	4847571	68993773	206996165
soc-LiveJournal1	SNAP	5	9	4847571	68993773	206964454
soc-LiveJournal1	SNAP	5	10	4847571	68993773	206975478
ljournal-2008	LAW	5	1	5363260	79023142	237060196
ljournal-2008	LAW	5	2	5363260	79023142	237085263
ljournal-2008	LAW	5	3	5363260	79023142	237084671
ljournal-2008	LAW	5	4	5363260	79023142	237062097
ljournal-2008	LAW	5	5	5363260	79023142	237062844
ljournal-2008	LAW	5	6	5363260	79023142	237053960
ljournal-2008	LAW	5	7	5363260	79023142	237071043
ljournal-2008	LAW	5	8	5363260	79023142	237082759
ljournal-2008	LAW	5	9	5363260	79023142	237060599
ljournal-2008	LAW	5	10	5363260	79023142	237063963
hollywood-2009	#N/A	5	1	#N/A	#N/A	341647936
hollywood-2009	#N/A	5	2	#N/A	#N/A	341698192
hollywood-2009	#N/A	5	3	#N/A	#N/A	341693755
hollywood-2009	#N/A	5	4	#N/A	#N/A	341663417
hollywood-2009	#N/A	5	5	#N/A	#N/A	341664605
hollywood-2009	#N/A	5	6	#N/A	#N/A	341669099
hollywood-2009	#N/A	5	7	#N/A	#N/A	341667699
hollywood-2009	#N/A	5	8	#N/A	#N/A	341694485
hollywood-2009	#N/A	5	9	#N/A	#N/A	341674735
hollywood-2009	#N/A	5	10	#N/A	#N/A	341675719
syn-27	Synthetic	5	1	67108864	134217728	402619399
syn-27	Synthetic	5	2	67108864	134217728	402676019
syn-27	Synthetic	5	3	67108864	134217728	402673938
syn-27	Synthetic	5	4	67108864	134217728	402646625
syn-27	Synthetic	5	5	67108864	134217728	402644710
syn-27	Synthetic	5	6	67108864	134217728	402642349
syn-27	Synthetic	5	7	67108864	134217728	402648572
syn-27	Synthetic	5	8	67108864	134217728	402677494
syn-27	Synthetic	5	9	67108864	134217728	402658168
syn-27	Synthetic	5	10	67108864	134217728	402658278
eu-2015-tpd	LAW	5	1	6650532	170145510	510400561
eu-2015-tpd	LAW	5	2	6650532	170145510	510459686
eu-2015-tpd	LAW	5	3	6650532	170145510	510455230
eu-2015-tpd	LAW	5	4	6650532	170145510	510416285
eu-2015-tpd	LAW	5	5	6650532	170145510	510426195
eu-2015-tpd	LAW	5	6	6650532	170145510	510407756
eu-2015-tpd	LAW	5	7	6650532	170145510	510430472
eu-2015-tpd	LAW	5	8	6650532	170145510	510465736
eu-2015-tpd	LAW	5	9	6650532	170145510	510424501
eu-2015-tpd	LAW	5	10	6650532	170145510	510446814
indochina-2004	LAW	5	1	7414865	194109311	582291359
indochina-2004	LAW	5	2	7414865	194109311	582351879
indochina-2004	LAW	5	3	7414865	194109311	582352257
indochina-2004	LAW	5	4	7414865	194109311	582302082
indochina-2004	LAW	5	5	7414865	194109311	582327207
indochina-2004	LAW	5	6	7414865	194109311	582296964
indochina-2004	LAW	5	7	7414865	194109311	582318106
indochina-2004	LAW	5	8	7414865	194109311	582357793
indochina-2004	LAW	5	9	7414865	194109311	582311076
indochina-2004	LAW	5	10	7414865	194109311	582338778
hollywood-2011	#N/A	5	1	#N/A	#N/A	686917140
hollywood-2011	#N/A	5	2	#N/A	#N/A	686989903
hollywood-2011	#N/A	5	3	#N/A	#N/A	686983794
hollywood-2011	#N/A	5	4	#N/A	#N/A	686944525
hollywood-2011	#N/A	5	5	#N/A	#N/A	686948941
hollywood-2011	#N/A	5	6	#N/A	#N/A	686928236
hollywood-2011	#N/A	5	7	#N/A	#N/A	686955721
hollywood-2011	#N/A	5	8	#N/A	#N/A	686976208
hollywood-2011	#N/A	5	9	#N/A	#N/A	686954095
hollywood-2011	#N/A	5	10	#N/A	#N/A	686963120
syn-28	Synthetic	5	1	67108864	268435456	805274010
syn-28	Synthetic	5	2	67108864	268435456	805347005
syn-28	Synthetic	5	3	67108864	268435456	805336498
syn-28	Synthetic	5	4	67108864	268435456	805283971
syn-28	Synthetic	5	5	67108864	268435456	805298603
syn-28	Synthetic	5	6	67108864	268435456	805283204
syn-28	Synthetic	5	7	67108864	268435456	805304570
syn-28	Synthetic	5	8	67108864	268435456	805325414
syn-28	Synthetic	5	9	67108864	268435456	805297214
syn-28	Synthetic	5	10	67108864	268435456	805316002
uk-2002	LAW	5	1	18520343	298113762	894316235
uk-2002	LAW	5	2	18520343	298113762	894367548
uk-2002	LAW	5	3	18520343	298113762	894372232
uk-2002	LAW	5	4	18520343	298113762	894310501
uk-2002	LAW	5	5	18520343	298113762	894348025
uk-2002	LAW	5	6	18520343	298113762	894314740
uk-2002	LAW	5	7	18520343	298113762	894351047
uk-2002	LAW	5	8	18520343	298113762	894360951
uk-2002	LAW	5	9	18520343	298113762	894335170
uk-2002	LAW	5	10	18520343	298113762	894360160
eu-2015-host	LAW	5	1	11264052	386915963	1160746108
eu-2015-host	LAW	5	2	11264052	386915963	1160775462
eu-2015-host	LAW	5	3	11264052	386915963	1160803378
eu-2015-host	LAW	5	4	11264052	386915963	1160718847
eu-2015-host	LAW	5	5	11264052	386915963	1160730004
eu-2015-host	LAW	5	6	11264052	386915963	1160707366
eu-2015-host	LAW	5	7	11264052	386915963	1160760873
eu-2015-host	LAW	5	8	11264052	386915963	1160763544
eu-2015-host	LAW	5	9	11264052	386915963	1160724431
eu-2015-host	LAW	5	10	11264052	386915963	1160789147
syn-29	Synthetic	5	1	67108864	536870912	1610580702
syn-29	Synthetic	5	2	67108864	536870912	1610625361
syn-29	Synthetic	5	3	67108864	536870912	1610653963
syn-29	Synthetic	5	4	67108864	536870912	1610564896
syn-29	Synthetic	5	5	67108864	536870912	1610585948
syn-29	Synthetic	5	6	67108864	536870912	1610573307
syn-29	Synthetic	5	7	67108864	536870912	1610620031
syn-29	Synthetic	5	8	67108864	536870912	1610593046
syn-29	Synthetic	5	9	67108864	536870912	1610587644
syn-29	Synthetic	5	10	67108864	536870912	1610661239
gsh-2015-tpd	LAW	5	1	30809122	602119716	1806336071
gsh-2015-tpd	LAW	5	2	30809122	602119716	1806386752
gsh-2015-tpd	LAW	5	3	30809122	602119716	1806392470
gsh-2015-tpd	LAW	5	4	30809122	602119716	1806319660
gsh-2015-tpd	LAW	5	5	30809122	602119716	1806334817
gsh-2015-tpd	LAW	5	6	30809122	602119716	1806317952
gsh-2015-tpd	LAW	5	7	30809122	602119716	1806352297
gsh-2015-tpd	LAW	5	8	30809122	602119716	1806346319
gsh-2015-tpd	LAW	5	9	30809122	602119716	1806341469
gsh-2015-tpd	LAW	5	10	30809122	602119716	1806418184
arabic-2005	LAW	5	1	22744077	639999458	1919989011
arabic-2005	LAW	5	2	22744077	639999458	1920035591
arabic-2005	LAW	5	3	22744077	639999458	1920034369
arabic-2005	LAW	5	4	22744077	639999458	1919953159
arabic-2005	LAW	5	5	22744077	639999458	1919980607
arabic-2005	LAW	5	6	22744077	639999458	1919952476
arabic-2005	LAW	5	7	22744077	639999458	1919993644
arabic-2005	LAW	5	8	22744077	639999458	1919994052
arabic-2005	LAW	5	9	22744077	639999458	1919982860
arabic-2005	LAW	5	10	22744077	639999458	1920058137
uk-2005	LAW	5	1	39459923	936364282	2809073546
uk-2005	LAW	5	2	39459923	936364282	2809168182
uk-2005	LAW	5	3	39459923	936364282	2809113233
uk-2005	LAW	5	4	39459923	936364282	2809031991
uk-2005	LAW	5	5	39459923	936364282	2809089482
uk-2005	LAW	5	6	39459923	936364282	2809065385
uk-2005	LAW	5	7	39459923	936364282	2809084140
uk-2005	LAW	5	8	39459923	936364282	2809146578
uk-2005	LAW	5	9	39459923	936364282	2809093264
uk-2005	LAW	5	10	39459923	936364282	2809127678
